{
    "threshold": 12.4984130859375,
    "test_accuracy": 0.9941855456973038,
    "test_precision": 1.0,
    "test_recall": 0.01098901098901099,
    "test_f1": 0.02173913043478261,
    "test_specificity": 1.0,
    "roc_auc": 0.9871463588293083,
    "avg_precision": 0.6934876896928535,
    "confusion_matrix": {
        "true_negatives": 46163,
        "false_positives": 0,
        "false_negatives": 270,
        "true_positives": 3
    },
    "score_stats": {
        "normal_mean": 0.14400729537010193,
        "normal_std": 0.2712988257408142,
        "anomaly_mean": 5.273011207580566,
        "anomaly_std": 3.923476457595825
    }
}